auroc,auprc,f1,brier,ece,n,prevalence,variant,test_site,seed
0.7104755220214073,0.7019705406892048,0.6415094339622641,0.29106638879635394,0.26475910423486826,303,0.45874587458745875,CISD-full,cleveland,0
0.7254781540621161,0.715876998759391,0.6453900709219859,0.3017911885956662,0.28367925189699156,303,0.45874587458745875,CISD-no_adv,cleveland,0
0.6933672574135813,0.673994238823588,0.6083916083916083,0.2881148714026459,0.2552115217330696,303,0.45874587458745875,CISD-no_orth,cleveland,0
0.7312247762765397,0.6982617951780413,0.6291390728476821,0.2701087056199884,0.25188224812081833,303,0.45874587458745875,CISD-no_env_aux,cleveland,0
0.7349096332689946,0.7088124075652968,0.6555183946488295,0.24410851898479233,0.18274377675810322,303,0.45874587458745875,CISD-full,cleveland,1
0.734646429198105,0.6909533374651553,0.6476868327402135,0.2865677410995324,0.27737481351439514,303,0.45874587458745875,CISD-no_adv,cleveland,1
0.718985786980172,0.6984931419779083,0.6621160409556315,0.2699109444214611,0.23522538461407977,303,0.45874587458745875,CISD-no_orth,cleveland,1
0.7303035620284261,0.694012113603497,0.6990291262135923,0.2663289893992815,0.23620567338449572,303,0.45874587458745875,CISD-no_env_aux,cleveland,1
0.7714949991226531,0.7277965556075958,0.710691823899371,0.23794627454668296,0.19311689013197275,303,0.45874587458745875,CISD-full,cleveland,2
0.7295139498157571,0.7023867375337505,0.6624203821656052,0.32558185559572644,0.30566196920886646,303,0.45874587458745875,CISD-no_adv,cleveland,2
0.7137655729075276,0.7078735884594928,0.6712328767123286,0.2755916546063094,0.22821704979406754,303,0.45874587458745875,CISD-no_orth,cleveland,2
0.6970082470608878,0.6768606992050965,0.6402640264026402,0.29302276605766875,0.2540919785302711,303,0.45874587458745875,CISD-no_env_aux,cleveland,2
0.7721968766450255,0.7654086207431074,0.6987179487179487,0.2464725459687841,0.2247834177645428,303,0.45874587458745875,CISD-full,cleveland,3
0.6865678189155993,0.6776003612918946,0.5971223021582733,0.3233376216197323,0.3062835701290809,303,0.45874587458745875,CISD-no_adv,cleveland,3
0.748069836813476,0.7149192881327535,0.6716417910447762,0.2459829644268932,0.21419821542139658,303,0.45874587458745875,CISD-no_orth,cleveland,3
0.7994823653272504,0.7851252658470171,0.7083333333333334,0.20722115944419778,0.1661300791692082,303,0.45874587458745875,CISD-no_env_aux,cleveland,3
0.7930338655904544,0.7533126867500874,0.7171052631578947,0.22344349978391975,0.18560098882073195,303,0.45874587458745875,CISD-full,cleveland,4
0.7396034391998596,0.7261367945526737,0.6402877697841727,0.27789176232194873,0.26310095343766593,303,0.45874587458745875,CISD-no_adv,cleveland,4
0.7214862256536234,0.7110378244983103,0.6642599277978339,0.2679139264194561,0.23712020872151446,303,0.45874587458745875,CISD-no_orth,cleveland,4
0.7811019477101245,0.7606379233388829,0.7012987012987013,0.22944784536901006,0.18777915942258447,303,0.45874587458745875,CISD-no_env_aux,cleveland,4
0.8578883982336412,0.7527495704600913,0.7520661157024794,0.16568993961036801,0.1511163653261088,294,0.36054421768707484,CISD-full,hungarian,0
0.7656061822561221,0.6526415984242128,0.6101694915254237,0.2762703445964908,0.2766391033377489,294,0.36054421768707484,CISD-no_adv,hungarian,0
0.7655058209554396,0.6675860656995953,0.6249999999999999,0.2462071120693457,0.21523051525524778,294,0.36054421768707484,CISD-no_orth,hungarian,0
0.7671617824167001,0.6014380281847731,0.6493506493506493,0.2166358672561606,0.15269205310721434,294,0.36054421768707484,CISD-no_env_aux,hungarian,0
0.8175431553592934,0.7059318859561398,0.7165354330708662,0.20518662651135647,0.2138866516174585,294,0.36054421768707484,CISD-full,hungarian,1
0.7697209955841028,0.6317561988514391,0.6584362139917695,0.26052743360659325,0.25113375899701473,294,0.36054421768707484,CISD-no_adv,hungarian,1
0.7316338819751104,0.5664577162440085,0.6039215686274509,0.27450440479159166,0.25462066497083047,294,0.36054421768707484,CISD-no_orth,hungarian,1
0.792402649538338,0.6274112825442802,0.6495726495726496,0.22516445371476815,0.19885649631053326,294,0.36054421768707484,CISD-no_env_aux,hungarian,1
0.8357085507828181,0.6904532611244537,0.711864406779661,0.18463659213459518,0.1541619542986844,294,0.36054421768707484,CISD-full,hungarian,2
0.7678643115214773,0.6726104883753283,0.6359832635983262,0.2554812722344473,0.2517651543027961,294,0.36054421768707484,CISD-no_adv,hungarian,2
0.8228623042954637,0.6972019849806799,0.694560669456067,0.20408873389067148,0.19328953552375727,294,0.36054421768707484,CISD-no_orth,hungarian,2
0.8189482135688478,0.6939025751893024,0.62882096069869,0.21402303006533335,0.19969844576423434,294,0.36054421768707484,CISD-no_env_aux,hungarian,2
0.7861300682456844,0.6617117989681945,0.6456692913385828,0.2502073291650877,0.2298467064745941,294,0.36054421768707484,CISD-full,hungarian,3
0.766910879164994,0.6695885184606534,0.6265060240963854,0.26759130077022336,0.24738350927531247,294,0.36054421768707484,CISD-no_adv,hungarian,3
0.7810116419108791,0.6420190312835733,0.6639676113360323,0.2384434039092153,0.2194201110436067,294,0.36054421768707484,CISD-no_orth,hungarian,3
0.7882878362103573,0.7048396202307259,0.6403162055335969,0.24001645147122574,0.23750801823541307,294,0.36054421768707484,CISD-no_env_aux,hungarian,3
0.755921316740265,0.6618615117724258,0.6451612903225806,0.2207023862625034,0.20807538005271908,294,0.36054421768707484,CISD-full,hungarian,4
0.7932557205941388,0.6632513234937053,0.6887966804979253,0.21338701676877278,0.1870740942143071,294,0.36054421768707484,CISD-no_adv,hungarian,4
0.8384684865515857,0.7140775896492056,0.706896551724138,0.17808062431355473,0.1261241090845786,294,0.36054421768707484,CISD-no_orth,hungarian,4
0.7812123645122441,0.6742226276601859,0.6695278969957082,0.22796318765525192,0.20512678669238746,294,0.36054421768707484,CISD-no_env_aux,hungarian,4
0.5826086956521739,0.9536616724567692,0.7379679144385026,0.31780064875894254,0.36963781121375505,123,0.9349593495934959,CISD-full,switzerland,0
0.6815217391304348,0.9687208882410554,0.6815642458100558,0.3485993772466429,0.39974079295084824,123,0.9349593495934959,CISD-no_adv,switzerland,0
0.6108695652173913,0.9498665787832585,0.7446808510638298,0.30021686572496525,0.39237167349839563,123,0.9349593495934959,CISD-no_orth,switzerland,0
0.6739130434782609,0.9572645813505778,0.7684210526315789,0.30166384161426696,0.37528572265721627,123,0.9349593495934959,CISD-no_env_aux,switzerland,0
0.6130434782608696,0.9564878815260747,0.6994535519125682,0.32536779110657515,0.384579528347903,123,0.9349593495934959,CISD-full,switzerland,1
0.6054347826086957,0.9604938587187082,0.7135135135135136,0.36909055396378493,0.4207705980337277,123,0.9349593495934959,CISD-no_adv,switzerland,1
0.7891304347826087,0.9825339643879991,0.8415841584158417,0.21631655298605526,0.2664712078308007,123,0.9349593495934959,CISD-no_orth,switzerland,1
0.6010869565217392,0.9522825648608043,0.7643979057591622,0.2956886107836069,0.36235968933532436,123,0.9349593495934959,CISD-no_env_aux,switzerland,1
0.5445652173913044,0.9510317215547999,0.7368421052631579,0.30205334969400416,0.3673534719124063,123,0.9349593495934959,CISD-full,switzerland,2
0.4315217391304348,0.908029805978328,0.7027027027027025,0.399107096724057,0.43212963759759826,123,0.9349593495934959,CISD-no_adv,switzerland,2
0.725,0.9662304152489618,0.8061224489795918,0.21608088941343048,0.2981973013631149,123,0.9349593495934959,CISD-no_orth,switzerland,2
0.6554347826086957,0.9642828813193463,0.7379679144385026,0.286151465799231,0.38666527407048135,123,0.9349593495934959,CISD-no_env_aux,switzerland,2
0.5380434782608695,0.9307904222688286,0.7204301075268817,0.3113757828442167,0.42158279559824813,123,0.9349593495934959,CISD-full,switzerland,3
0.6173913043478261,0.9602016671559639,0.7213114754098361,0.35278324260306093,0.39689387827408434,123,0.9349593495934959,CISD-no_adv,switzerland,3
0.7695652173913043,0.9803124850845574,0.8,0.2417144683782264,0.3309573599241024,123,0.9349593495934959,CISD-no_orth,switzerland,3
0.5847826086956521,0.9403820909979924,0.6703910614525139,0.36080878955281753,0.4218141832270734,123,0.9349593495934959,CISD-no_env_aux,switzerland,3
0.6663043478260869,0.9641277151293367,0.6473988439306358,0.4034289442477904,0.4782716254494798,123,0.9349593495934959,CISD-full,switzerland,4
0.6086956521739131,0.9409348410645445,0.8390243902439025,0.2763600588951421,0.33955154834758694,123,0.9349593495934959,CISD-no_adv,switzerland,4
0.7391304347826086,0.9770653468547158,0.7486631016042781,0.2961256104835095,0.3880112895807291,123,0.9349593495934959,CISD-no_orth,switzerland,4
0.7521739130434782,0.9734585789265648,0.7938144329896907,0.22810574210799708,0.3206939736368498,123,0.9349593495934959,CISD-no_env_aux,switzerland,4
0.73917620739571,0.8893337675242975,0.8299319727891157,0.20331745122665873,0.1541448955948354,200,0.745,CISD-full,va,0
0.580602710883011,0.8018129330990652,0.7346938775510204,0.3453244376939631,0.34335137900490503,200,0.745,CISD-no_adv,va,0
0.6196868008948546,0.8339173789504982,0.754325259515571,0.30630022896336384,0.28196984251856316,200,0.745,CISD-no_orth,va,0
0.6435057244374259,0.8485357881728753,0.7785234899328859,0.2816506445210797,0.26553922551697606,200,0.745,CISD-no_env_aux,va,0
0.6099486774575602,0.8262742346937332,0.8129032258064516,0.2332658702304645,0.21259760471579472,200,0.745,CISD-full,va,1
0.5998157652322674,0.7992418146245692,0.754325259515571,0.3136888754399685,0.30167780667710753,200,0.745,CISD-no_adv,va,1
0.6388998552441111,0.8145549108658219,0.8360128617363344,0.23147530315784423,0.21596569137308202,200,0.745,CISD-no_orth,va,1
0.6807474667719436,0.8529633098420003,0.819672131147541,0.21958954935038372,0.17891382444927506,200,0.745,CISD-no_env_aux,va,1
0.6677194367679958,0.8410331999263514,0.8172757475083058,0.20950384248915135,0.20203389795933485,200,0.745,CISD-full,va,2
0.6446900908014213,0.8310836078920391,0.7946127946127945,0.2452133593237999,0.23638849461428724,200,0.745,CISD-no_adv,va,2
0.654823003026714,0.8218745388018165,0.7878787878787878,0.23389628899984602,0.2062516982503155,200,0.745,CISD-no_orth,va,2
0.5811290959336755,0.775833723495955,0.7986798679867986,0.25690557923163904,0.2332313522423739,200,0.745,CISD-no_env_aux,va,2
0.6208711672588498,0.8087033627752336,0.8,0.24771395546148092,0.21822637512858534,200,0.745,CISD-full,va,3
0.6177128569548624,0.80019120101144,0.7697594501718212,0.29740390409672973,0.2924077934344559,200,0.745,CISD-no_adv,va,3
0.6391630477694433,0.8207030586059836,0.8054607508532423,0.23199215315499921,0.20813583110750725,200,0.745,CISD-no_orth,va,3
0.5584945387550994,0.7896384896858661,0.7335640138408304,0.3198210976166664,0.3083364306123163,200,0.745,CISD-no_env_aux,va,3
0.6611396236346888,0.8493323191162733,0.8079470198675497,0.23092382734951397,0.20176036604610081,200,0.745,CISD-full,va,4
0.6271877878668246,0.8202607857981579,0.7687074829931974,0.30528766512054595,0.3051375651909749,200,0.745,CISD-no_adv,va,4
0.61916041584419,0.8319009006431926,0.7878787878787878,0.25726366199227013,0.2508150768439765,200,0.745,CISD-no_orth,va,4
0.6589024871693644,0.8611389222110378,0.7526881720430108,0.2880166230260659,0.27780745844239396,200,0.745,CISD-no_env_aux,va,4
