test_site,index,y_true,pred_ERM,pred_IRM,pred_CISD
cleveland,0,0,0.15518251398281674,0.9930412556198948,0.35896598866935464
cleveland,1,1,0.9999939000809398,0.999999998480327,0.9954315421088348
cleveland,2,1,0.9997043806098205,0.9999870532204207,0.9931950399297365
cleveland,3,0,0.9975458768225809,0.9998679663685933,0.38499017314523853
cleveland,4,0,0.9997279755048575,0.9140426862496079,0.10519079690415506
cleveland,5,0,0.08694362314654545,0.0010962681911123534,0.015784359947431523
cleveland,6,1,0.99999973095409,0.9999981894010492,0.8883684214350918
cleveland,7,0,0.00018511406502102535,3.1271221328909796e-05,0.010441608636663062
cleveland,8,1,0.9999175186533941,0.9999111922118313,0.8619471932375862
cleveland,9,1,0.9999999999999065,0.9999973518478006,0.9966803772504708
cleveland,10,0,0.0008639138511453668,0.0980674494391583,0.32190337044512457
cleveland,11,0,2.233282505844767e-06,0.9778581620969488,0.037411297573234546
cleveland,12,1,0.3391321234961527,0.9997605076677898,0.99784544601893
cleveland,13,0,2.1657636227703964e-09,3.0095015114874756e-11,0.07313152900089294
cleveland,14,0,4.529935836322865e-12,0.6015717446848804,0.03544711077141676
cleveland,15,0,0.005216939327346278,0.13950600279536984,0.30920880144195917
cleveland,16,1,0.00239653279781173,0.00013860780486876174,0.6833215322012521
cleveland,17,0,0.00010040428201366478,0.7787881909838342,0.04122117230127193
cleveland,18,0,1.2342117404011273e-07,1.3779769152786326e-05,0.7955252778367351
cleveland,19,0,1.3567255202459556e-06,1.4347999288728786e-08,0.06828491081796353
cleveland,20,0,0.0023545033164144883,0.9999331153799406,0.9466854773787707
cleveland,21,0,0.032090668825068655,0.9949840201973829,0.7508342987513209
cleveland,22,1,0.0005019864621188192,0.9995181173814464,0.7646463062165623
cleveland,23,1,0.9999247425882034,0.9999994838766918,0.9905787505785796
cleveland,24,1,0.9999993075286834,0.999722227219707,0.9972268077249967
cleveland,25,0,1.1004579546337397e-07,0.007384083521686412,0.025038251163975216
cleveland,26,0,4.937661146598148e-09,8.44097593824155e-06,0.21868062732429866
cleveland,27,0,0.4077574237471204,0.9705879118760796,0.9742854920004136
cleveland,28,0,0.09777981237897478,0.6561462146247756,0.946682625728492
cleveland,29,1,0.7680745583897273,0.5228293498203443,0.9954670806160933
cleveland,30,0,0.09011994376693444,0.15128280808553282,0.10516391667702699
cleveland,31,1,0.9999999984483849,0.999999863228739,0.8103032356161991
cleveland,32,1,5.537924653441793e-11,0.13876663439562176,0.21065081454715376
cleveland,33,0,0.016956525236617358,0.007571724593806322,0.26154737441951753
cleveland,34,0,0.0865581710135504,0.00044417603361036033,0.865660505953423
cleveland,35,0,0.0024970508062673543,0.0020103896904093044,0.29676299759206387
cleveland,36,1,0.9997105960392163,0.27719724216946434,0.9966961172972151
cleveland,37,1,0.9999807454991212,0.9999938381022295,0.5036122225206602
cleveland,38,1,0.999909752378157,0.997451061659225,0.999751521771093
cleveland,39,0,0.9359701490967234,0.934605607534538,0.9881444663582357
cleveland,40,1,0.998301804815128,0.9999989126349169,0.03442190351054967
cleveland,41,0,0.5434655498521821,2.7149586456753813e-05,0.9682368268901693
cleveland,42,0,0.9994321009258876,0.9855598889202588,0.2853644064151293
cleveland,43,0,0.0056567192430617376,0.9999993924048588,0.9981646573977536
cleveland,44,1,0.9954256705134921,0.008903032192017747,0.8491272658268465
cleveland,45,1,0.9976474169037399,0.999999391777685,0.357205693459082
cleveland,46,0,5.572169306018182e-09,0.014014883660452492,0.14733037406421742
cleveland,47,1,0.9990298844313508,0.9999999432993517,0.9971511422981083
cleveland,48,0,0.4114301129789209,0.9999996100939116,0.8784708863000222
cleveland,49,0,0.10755568891356664,0.9999981794926074,0.6509577408408713
cleveland,50,0,3.5327339975961905e-09,2.0771051271735837e-08,0.003741232179497309
cleveland,51,0,3.360173732177821e-06,0.00015346771483399924,0.8561438674608062
cleveland,52,1,0.00021896513358520735,0.02994217974564135,0.8831158688402626
cleveland,53,0,0.0012505430373150011,0.0004924023996764332,0.09893809779272748
cleveland,54,1,0.5970650966859207,0.0006939240962920794,0.1043619797068364
cleveland,55,1,0.9923322680581195,0.9990081674940028,0.9967787670687112
cleveland,56,1,4.839049132992438e-07,0.6320112716812322,0.15179956539224027
cleveland,57,1,0.999983050665006,0.0027736377273310463,0.8831438636559237
cleveland,58,0,0.8952290815752787,0.9997766330659272,0.7182973306264308
cleveland,59,0,0.9942015670818003,0.9939002865467774,0.7785096412301116
cleveland,60,1,0.055624607542657786,0.008042707713131148,0.9876113481621763
cleveland,61,0,0.999983092257375,0.9999999516551522,0.29293299218580876
cleveland,62,1,0.9999994373820299,0.9999932392749593,0.9971438895916246
cleveland,63,0,6.39271798640003e-05,0.0014373344141425264,0.9200868237660327
cleveland,64,1,0.9999698939028251,0.999925617159686,0.06679787837377298
cleveland,65,1,0.9999999603041938,0.9999967917681317,0.9976568517097113
cleveland,66,1,0.999999233194141,0.9999967398932276,0.9990350080812086
cleveland,67,0,0.9999840499872401,0.9985628283352246,0.9969644487352308
cleveland,68,1,0.9999999976793981,0.9999963765930308,0.9952794598423581
cleveland,69,1,0.9999990982203059,0.9975181560921648,0.13840152870135336
cleveland,70,0,0.1263635693039733,0.981899353062374,0.049038537105109845
cleveland,71,1,0.0008302967586633228,0.8037675236476344,0.9986817362996636
cleveland,72,1,0.9999939845321578,0.9999999992154005,0.9994405207875672
cleveland,73,1,0.9998839848363922,0.00012463257437841076,0.8830413680576564
cleveland,74,1,0.9999724570456187,0.09774018953319497,0.883147111476844
cleveland,75,0,0.9999893351946187,0.21283413175925364,0.8134985713714085
cleveland,76,1,0.9999763962800547,0.9999138568045017,0.9974008227557032
cleveland,77,0,0.9968971013261307,0.9380669642999734,0.78904967223432
cleveland,78,0,1.6082394562629998e-05,1.9521017209265793e-05,0.7542142914122529
cleveland,79,1,0.999999999988709,0.999999677385108,0.7877129471946843
cleveland,80,0,0.9999707765959839,0.9990922449078355,0.97827410730689
cleveland,81,0,0.2162653862079444,0.005861580758868933,0.014645861300417232
cleveland,82,0,0.010667068109283029,1.7176816565791153e-05,0.885272024972896
cleveland,83,1,0.9999998511328914,0.9999979600520935,0.9090743712509077
cleveland,84,0,1.3530428774221388e-06,2.7211928101072606e-09,0.07105529949694364
cleveland,85,0,0.009301705922875141,0.0008587338309962411,0.886837912703943
cleveland,86,0,0.2593806494693004,0.010633471223536776,0.8900320988617402
cleveland,87,0,0.9894947412529104,0.0027516820900027367,0.8670524508549378
cleveland,88,0,0.9999929080595171,0.014526656556075143,0.41127616010600837
cleveland,89,0,0.9999589358387917,0.0034289032108515715,0.8830916854691784
cleveland,90,0,0.9999987619135976,0.8343402348027983,0.9918077033803425
cleveland,91,1,0.9999997113151203,0.9999965178824377,0.08760270298269945
cleveland,92,0,0.591705478599199,0.002865673820162809,0.802205381811508
cleveland,93,0,2.22663866037088e-05,1.2842336442241253e-07,0.024563407024210636
cleveland,94,0,0.9998204917199015,0.0867875971557959,0.8222470080871618
cleveland,95,1,0.9905053939478897,1.0954266987067673e-07,0.07803450827484734
cleveland,96,1,0.9999909611918986,0.8372346887803519,0.5998663377574932
cleveland,97,1,0.9999903144387441,0.9999999999789837,0.9268652367826281
cleveland,98,0,0.00012724605427208443,1.1714671304668674e-08,0.05702836294164842
cleveland,99,0,0.9987202572688701,0.9867423016951283,0.88314475646051
cleveland,100,0,0.9716989440743403,0.021295792496024125,0.8831460761688752
cleveland,101,0,0.9740070922087036,0.02987680643441864,0.07316728577322483
cleveland,102,0,0.993164213594852,2.3721875672903386e-05,0.8308641265425966
cleveland,103,0,0.03875707442897772,0.000703096553704246,0.8832736736228805
cleveland,104,1,0.9999867293243927,0.9998845384194736,0.9953582356889153
cleveland,105,0,2.2438123644781545e-07,1.7611384845189378e-08,0.07322692623669906
cleveland,106,1,0.9961226638297892,0.3148034006095399,0.09298893260542536
cleveland,107,1,1.6813100794013932e-06,0.9639133873442426,0.7718090577795392
cleveland,108,1,0.9999935410676245,0.9944743426133114,0.9838322039944024
cleveland,109,1,0.9991687088751794,0.9999999984977608,0.05575322337772757
cleveland,110,1,0.963238464563881,0.9999999876305595,0.4633752022003525
cleveland,111,1,0.9999442008100395,0.9999952602231685,0.6555848096372131
cleveland,112,0,0.4372650183054588,2.772353574024162e-06,0.10220085715972459
cleveland,113,1,0.08727485365080205,0.9999984566723721,0.9877938364894907
cleveland,114,1,6.650138475115787e-07,0.9951074778850859,0.00042354315534473867
cleveland,115,0,0.018653763176598767,0.37909103896650453,0.14247165869121664
cleveland,116,0,0.012173309440077874,0.14037554773029431,0.8831477743030558
cleveland,117,0,0.561789148630203,2.1436595393681274e-07,0.47465442608508207
cleveland,118,1,0.9999860605030301,0.9503627901230748,0.08217242337418205
cleveland,119,1,0.991859730637529,0.9960424168339939,0.8261228845838386
cleveland,120,1,9.948556958923887e-06,0.9953568850032412,0.08312462028327174
cleveland,121,1,0.9943198860591609,0.9999989057141283,0.9265519280865251
cleveland,122,0,0.7373668612255063,0.5205932634924514,0.9484400328106566
cleveland,123,1,0.9999999543570018,0.9999904727439627,0.9597048079227907
cleveland,124,1,0.999999838798656,0.9999977283915437,0.19442092836420566
cleveland,125,0,0.001974163296812576,1.4366880823449236e-05,0.009301870642450383
cleveland,126,1,0.9999999999999065,0.9999995873748979,0.3442021974004914
cleveland,127,1,0.9999935457796597,0.999997137347753,0.9861215553669027
cleveland,128,0,5.894032953069668e-09,2.7262143382169453e-09,0.07312752358342739
cleveland,129,0,4.084025518072508e-05,0.0009068353977811372,0.1932868967631947
cleveland,130,0,2.520435563639134e-06,0.6954988782733439,0.43443231001582705
cleveland,131,0,0.9847962592210201,0.10341909637588657,0.16329426172626008
cleveland,132,0,8.530271952135846e-06,0.5854311363654666,0.4773489595781995
cleveland,133,0,0.9999999255212477,0.9999457865167626,0.8038816231845818
cleveland,134,0,4.879712836923588e-07,3.16941729568725e-11,0.03602506442593345
cleveland,135,0,1.716089630936337e-06,0.9978341968132469,0.07015526575496693
cleveland,136,1,0.999999999960882,0.999991638867549,0.962779515368507
cleveland,137,1,3.630749068651577e-07,0.12704337991327525,0.4907430475346771
cleveland,138,1,0.9994633633059953,0.9962681261269576,0.9920908450860259
cleveland,139,0,0.7606349953042317,0.9999996657683883,0.9606255332458836
cleveland,140,0,0.9529097548094442,0.2533340318574649,0.8696360094502184
cleveland,141,1,1.0310361360904197e-06,7.82003320750202e-10,0.521247302597615
cleveland,142,0,0.7832679521854884,0.793796649269649,0.6029559870405303
cleveland,143,1,0.7275924518169582,0.9928274208671808,0.9017350271471006
cleveland,144,0,0.9999387833348787,0.018450308627619684,0.7699806377757076
cleveland,145,1,1.0064253309091031e-10,3.446901771065494e-11,0.07485517082375603
cleveland,146,1,0.9999919825372586,0.9999999999945697,0.8194466269650234
cleveland,147,0,0.00252050098050552,9.357622968839299e-14,0.28168703700001213
cleveland,148,0,0.10828889779366369,0.0012297933301763627,0.07636057298251214
cleveland,149,0,1.3885087517377722e-12,2.342384921607802e-05,0.20927852859298596
cleveland,150,0,0.9990004828735476,0.9947765670397295,0.00756986333130301
cleveland,151,0,1.501967473679625e-11,6.038355494868679e-07,0.029942120087977083
cleveland,152,0,1.099943296561176e-06,0.9884113608318886,0.0007983253209877089
cleveland,153,1,0.9999991473070814,0.9999911768806058,0.8099807625100914
cleveland,154,1,0.9999988097689283,0.9993212042137061,0.9790248783969971
cleveland,155,1,0.06950182735130325,0.9945880399127633,0.020961562168509033
cleveland,156,1,0.9999101731446263,0.0009809315705135897,0.9843276408562586
cleveland,157,1,0.6824747659271091,1.926296221952131e-05,0.8831322266119052
cleveland,158,1,0.9999719302254644,0.999999827851383,0.8291086772821664
cleveland,159,0,0.10711727911470552,0.9999996565491709,0.005640409043276735
cleveland,160,0,0.5117376858556865,0.004049262016911657,0.8655585117004925
cleveland,161,1,0.9999999922599748,0.9989805805751022,0.9960711543953117
cleveland,162,0,1.0630918422177083e-06,0.03990531863906515,0.038035517407155314
cleveland,163,0,0.002109377162573884,0.003997747932004306,0.02356126494263014
cleveland,164,0,0.9994257205275809,0.2717931991601847,0.9494728659576515
cleveland,165,0,0.11973396932651488,0.006153010972885397,0.08084147054489339
cleveland,166,0,5.900853348222215e-08,3.311203158335629e-05,0.6714525573415984
cleveland,167,0,0.0004956228029389894,0.5920601029600944,0.8831475415683497
cleveland,168,1,0.04125303902360433,0.9999934932392792,0.12340476594109717
cleveland,169,0,4.1372086626861524e-10,0.015948918620325436,0.12211537745464411
cleveland,170,1,0.6970129058947329,0.9999998257003624,0.9451378106987108
cleveland,171,0,0.9999999998904565,0.999968523266202,0.7878363869120187
cleveland,172,1,0.9951220450597399,0.0732749550890019,0.44832441042166665
cleveland,173,0,0.010446498602555771,0.9999323150486947,0.03439606005746053
cleveland,174,1,0.9996596993355398,0.9998305016918163,0.5730703630775705
cleveland,175,1,0.8783777110191325,0.8624294326575563,0.9999828346444757
cleveland,176,0,0.9607730987023344,0.0006097409370398409,0.996969580471227
cleveland,177,1,0.9983504421491175,0.8616195948334224,0.9971728940144192
cleveland,178,0,0.08506688421202775,0.8342422247867753,0.18304318349597615
cleveland,179,0,0.007717574802906419,0.008340942956841072,0.8831477279562394
cleveland,180,1,0.9938509063793133,0.999999243522163,0.9647526344503369
cleveland,181,1,0.02250897683068118,0.9999999907201195,0.9567651501597674
cleveland,182,0,0.03397485658880274,9.294831052205405e-05,0.7109673737577585
cleveland,183,0,0.32268369654233536,0.9995569213590279,0.10066466331967146
cleveland,184,1,0.9710200137039475,0.0019204343466257044,0.45441099409048014
cleveland,185,0,0.000993805307484156,0.3598800707174491,0.02827993286755126
cleveland,186,0,1.0547006903000212e-11,0.002717076603081702,0.34887050741413683
cleveland,187,1,0.9999951846287267,0.9992646032385444,0.0028913036551032117
cleveland,188,1,0.36837109058421613,9.357622968839299e-14,0.997020694016802
cleveland,189,1,0.8522832770272228,0.9997802890059658,0.6857646913399967
cleveland,190,0,5.035038848474321e-08,7.902176678606988e-06,0.8028859532790419
cleveland,191,1,0.9999993573611745,0.9999858307217525,0.9995394017094621
cleveland,192,1,0.9249730526512893,0.019893042326366867,0.7728461838753502
cleveland,193,1,0.0016342704927263657,0.0022742525500490827,0.8356769574932399
cleveland,194,0,0.9996190861947616,0.9999932252358537,0.006648579798469818
cleveland,195,1,0.9934480528098897,0.9998985636714843,0.38348177011461027
cleveland,196,0,7.964996053120942e-07,0.049140848366903724,0.9088790729817171
cleveland,197,0,0.8476839736728321,0.9981742182728276,0.5225903802250669
cleveland,198,0,5.494413154337348e-07,6.520101503055503e-10,0.004468387792229764
cleveland,199,1,0.03807941299341281,0.07654146809328428,0.7779457834005189
cleveland,200,0,0.7885413450269538,0.03291126509016699,0.8829766748879633
cleveland,201,0,0.00028265206578440054,0.9943276585619906,0.11749353619660727
cleveland,202,0,2.4956706864898722e-11,0.5089737206770848,0.29226871821054773
cleveland,203,0,3.667830152351606e-07,0.8711285139090791,0.8843703356690352
cleveland,204,0,0.0020852686460831097,6.288133738592027e-11,0.8832846550766421
cleveland,205,1,0.999677222923492,0.9995844720389373,0.7856584534511801
cleveland,206,1,0.9982964389184142,0.999890279290567,0.9969927548940661
cleveland,207,1,0.9999478421141775,0.9999956889445082,0.7384342304616425
cleveland,208,0,2.572537935910484e-08,8.187637686426494e-06,0.06046735832798483
cleveland,209,1,0.9872762944190817,0.015996202432594496,0.9940583216091878
cleveland,210,0,0.00016821104798670647,3.077575649987931e-05,0.24058501096146825
cleveland,211,1,0.7271275007842586,0.9995213291510974,0.979222230355012
cleveland,212,0,0.9914332352960236,0.9999999959723604,0.9395479805392343
cleveland,213,1,0.9533512170230616,0.6619226523352669,0.9590033249794909
cleveland,214,1,1.065284442102443e-06,3.376110700390913e-08,0.8878556324870434
cleveland,215,0,1.5329810562800953e-05,0.006729613649174453,0.7689800655632567
cleveland,216,0,1.4216536937780286e-09,1.38822926265075e-08,0.002886524078153208
cleveland,217,0,0.9440154522916769,0.9872735738166849,0.5219291431553251
cleveland,218,0,0.0015291737688938546,0.0047608435566591865,0.9402597681748981
cleveland,219,0,0.9999409216509351,0.009769572915450584,0.8881764673689608
cleveland,220,0,0.0002843864999566025,0.08132840415990199,0.8829485570657943
cleveland,221,0,0.0390344626840185,4.41636702158474e-06,0.8818868315845375
cleveland,222,0,4.954676682446683e-10,1.036082706427011e-08,0.08576360262150086
cleveland,223,1,0.9999999937448867,0.9999999988427364,0.9994496264974354
cleveland,224,1,2.7444517900847075e-06,5.408472122530664e-07,0.8368524089548027
cleveland,225,0,9.89777696431082e-09,2.1581245886726575e-07,0.002927146141681692
cleveland,226,0,1.049300716904813e-07,4.851164704589367e-07,0.8823742208400869
cleveland,227,0,0.0017234328227312722,0.9947581783754937,0.20343092463799214
cleveland,228,1,0.9999940144172953,0.5649544776188368,0.5290345170818233
cleveland,229,1,0.9999999989663217,0.9999656920980332,0.8927370033021298
cleveland,230,0,0.00918205976720886,0.0018340679530125534,0.7292346156290287
cleveland,231,1,0.9999999996849263,0.006802960599153907,0.08470624303733967
cleveland,232,1,0.9999967903871424,0.010332386036001388,0.07811816309136738
cleveland,233,0,0.999997783009449,0.9995703189283791,0.2827585751744882
cleveland,234,0,0.1621364895285467,0.000495302863531251,0.03555984508933442
cleveland,235,1,0.9766639453281236,0.9927340820769318,0.9855281136940146
cleveland,236,1,0.9999999891861496,0.9433986957088264,0.9963448747698076
cleveland,237,1,0.9999257059805223,0.035001322602875806,0.880406226548069
cleveland,238,0,5.355497427509605e-13,4.212013109598823e-09,0.04421093535787335
cleveland,239,0,4.059911109908585e-08,8.991651398263666e-13,0.0731688528717534
cleveland,240,0,9.785192983040119e-08,5.042669750425727e-10,0.0731730981729916
cleveland,241,0,7.736910836595934e-11,1.7796799866229054e-05,0.00337970223630219
cleveland,242,0,4.800152463377044e-05,0.11040069077616496,0.003454604241123512
cleveland,243,1,0.025332517784885294,0.1277606400608072,0.9719082396156176
cleveland,244,0,1.3316447670437063e-05,0.8067359852634043,0.8690328720838589
cleveland,245,1,0.6341471408550551,0.9999368114039742,0.07703110836105215
cleveland,246,1,0.14478751218042965,3.6764107860414453e-06,0.9002618189362218
cleveland,247,1,0.015335238688071687,0.1160787262414377,0.49357640398018987
cleveland,248,1,7.5963016230988e-05,0.0016000997456890574,0.8591652469354953
cleveland,249,0,0.027816645429480667,0.24528812666805788,0.591661577432537
cleveland,250,0,0.9997252442046981,0.9999999352855962,0.9899856970711053
cleveland,251,1,0.9999994832967248,0.9999923559282146,0.9435855015756096
cleveland,252,0,0.3935934992314664,0.8335050486380184,0.9999346380519201
cleveland,253,0,0.9985519846995725,0.007448126526241377,0.8827811450924253
cleveland,254,0,0.034602441092325686,0.9988892531812673,0.06263763424234016
cleveland,255,0,0.00024818196717823744,6.094611846652631e-11,0.01648908424821903
cleveland,256,0,1.926594043695916e-07,0.22158323325667345,0.9120672936878192
cleveland,257,0,0.9999998309207755,0.9999961024430957,0.28237340243066
cleveland,258,0,0.059968625748669756,0.9597643864386887,0.9086537410320689
cleveland,259,1,5.5269241451727956e-08,9.78731099245134e-07,0.07358338549405
cleveland,260,0,2.473073409501297e-07,4.516240207240475e-09,0.030027275607187362
cleveland,261,1,0.016429207448370464,0.7071762620256519,0.8831040019358946
cleveland,262,0,0.8190197448418391,0.09855903051163324,0.0028898928341216366
cleveland,263,0,2.5379175757489674e-07,2.4555889172958564e-13,0.5624960636097125
cleveland,264,1,0.9999999997390141,0.9997270913376383,0.9238737037262928
cleveland,265,1,0.9999999990184885,0.9999997125631204,0.9999538980986478
cleveland,266,1,0.9955406813357331,0.9999991415767394,0.9993220177146295
cleveland,267,1,0.0006367156880547711,0.0020123381655529353,0.9754085159641962
cleveland,268,1,2.266701864181091e-05,5.062587011878468e-06,0.07193443291194251
cleveland,269,0,0.002040759935198511,4.1947875035556844e-09,0.7719899098898748
cleveland,270,1,0.9999998915957387,0.9999980674310198,0.9733325242944372
cleveland,271,0,0.9999999999577438,0.999999268640104,0.9855684232892948
cleveland,272,1,0.9999999993812398,0.9999994119405698,0.9999732105978144
cleveland,273,0,4.689475897291573e-06,0.00367951676065717,0.04316723592636748
cleveland,274,1,8.755138671778147e-05,8.942369458201088e-08,0.0032992221050034518
cleveland,275,0,6.715529037913899e-05,6.119563260893852e-10,0.13605045770462684
cleveland,276,0,0.0029890864727239756,0.9999987790990454,0.7516780567974644
cleveland,277,0,0.00018832404566981357,1.3476437000506147e-07,0.026807552408495926
cleveland,278,1,0.04199423221079624,0.018060100391563645,0.9926636878532282
cleveland,279,0,0.02855812402600751,0.9997456048432433,0.6310607937144622
cleveland,280,1,0.9999982250283207,0.9546608585743712,0.9806641629898053
cleveland,281,0,7.260933627369009e-09,2.173850773722537e-08,0.870932780861723
cleveland,282,1,0.9847833359123364,0.9926516663198398,0.9835532470956186
cleveland,283,0,1.080823862635018e-06,4.4449264340216e-10,0.0731841622385342
cleveland,284,1,7.847809136549478e-05,0.9822016382225669,0.022898662317551537
cleveland,285,1,0.9998704033609148,0.923291163861385,0.09911885490716195
cleveland,286,1,0.9999998487740573,0.9999999999998521,0.40761646615876723
cleveland,287,0,0.0990645749132387,1.2053510995725876e-07,0.09878360771904299
cleveland,288,0,0.14209126469660788,1.6731162180539458e-05,0.07430093705611122
cleveland,289,0,5.041632762988817e-10,0.00042636919985854325,0.9885498211537612
cleveland,290,1,0.08626901268019355,0.9998319802633016,0.840187762493873
cleveland,291,0,7.247686423345699e-08,3.784161557600657e-05,0.003551585305125588
cleveland,292,1,0.9973948234095695,0.9999552304982371,0.9614786909895344
cleveland,293,1,0.9999997905320898,0.9999999913720762,0.9992392236930244
cleveland,294,1,0.9987980032482219,2.9895962447385587e-05,0.20521097191949825
cleveland,295,0,2.8557912239057995e-08,3.25485582579727e-07,0.07306657779917243
cleveland,296,1,0.9995499851667438,0.9999999999012155,0.9765271911077388
cleveland,297,1,0.9879936339877403,0.870796762103264,0.5645995478720286
cleveland,298,1,1.3564876993316727e-06,2.0458157020658024e-11,0.8502684908630364
cleveland,299,1,0.9999961426885123,0.9637924947341966,0.9698395239850168
cleveland,300,1,0.8932781307823788,0.9997974247612813,0.9999815988808909
cleveland,301,1,0.0024185933007013667,0.02239703673649364,0.0064462877496732724
cleveland,302,0,5.587989274638585e-05,2.0762790222237857e-05,0.8824375669518617
hungarian,0,0,0.00013510676045371252,1.82473947980423e-08,0.029744336795961123
hungarian,1,0,1.7756494771342446e-08,0.03130685537941793,0.7361175406933083
hungarian,2,0,5.760597099565825e-06,0.00011563996980858748,0.5664632606281619
hungarian,3,0,2.630975995048197e-05,4.3881965356953926e-11,0.007119610489565212
hungarian,4,0,0.9617850605050071,1.9637407487268485e-07,0.4625333972590978
hungarian,5,0,0.015529859949676098,5.761994683362433e-09,0.013953696831501395
hungarian,6,0,2.7913787351586646e-06,0.0003357747190438258,0.05850998903530054
hungarian,7,0,3.495546839565717e-08,0.010866938580747906,0.604843294204841
hungarian,8,0,0.07924055427396695,2.4093833471249704e-06,0.10633992466053002
hungarian,9,0,1.343195842556514e-07,0.011283151454552484,0.2158625962518778
hungarian,10,0,0.6384986465692232,0.00030308796251422626,0.32697031763353746
hungarian,11,0,0.0014296472251445964,0.9988652608716686,0.059743757475990165
hungarian,12,0,0.003960145757811895,0.0001822422667884367,0.2961307947899731
hungarian,13,0,0.1952850549318504,0.02312223729329384,0.3608765935763984
hungarian,14,0,8.42908451250204e-05,2.3375132449757337e-12,0.035509886666634315
hungarian,15,0,0.03681485434654023,0.00028602915752435633,0.07190127255828663
hungarian,16,0,0.00011906353395542177,1.1491518177524757e-05,0.01737153760436744
hungarian,17,0,0.7876851685711321,1.0154992040305105e-06,0.7955037671143524
hungarian,18,0,8.88211561767105e-05,0.009035230773306585,0.03697454771889185
hungarian,19,0,0.04340937360830757,0.01797712913734833,0.7839694784489457
hungarian,20,0,0.17523912772570702,0.0001848675111720466,0.13531830393891742
hungarian,21,0,0.14174654177971002,0.2190440502862062,0.42073580512435527
hungarian,22,0,9.357622968839299e-14,0.047401602699907,0.31372858844661883
hungarian,23,0,6.408218366628024e-09,2.393825976330688e-07,0.6980237727952113
hungarian,24,0,0.002044962179353978,0.04037134242669575,0.478661638853231
hungarian,25,0,0.017223346781543022,2.461564190714791e-06,0.986387048812092
hungarian,26,0,0.06648131457431786,9.881937305289454e-06,0.14033097440735662
hungarian,27,0,0.21038678163601243,0.0017386394930359126,0.1097296792560042
hungarian,28,0,0.6304522434610416,0.00037969313042809217,0.013729772121117426
hungarian,29,0,0.8222935154543035,2.430605734458085e-06,0.04447601954429447
hungarian,30,0,0.018784250681381398,4.024350438960673e-05,0.2969226048357276
hungarian,31,0,0.11694181219334893,0.0057513633599398884,0.10529691384328478
hungarian,32,0,0.0001300729614921791,0.7606449643377177,0.4649825515971771
hungarian,33,0,2.099520195715123e-06,0.00375238052509056,0.39815859896026484
hungarian,34,0,5.961890784601051e-05,4.39718979403678e-06,0.014790775207938941
hungarian,35,0,0.9061659862189312,0.0016981122637297142,0.5149348747057341
hungarian,36,0,0.5285933908148062,0.00012096460114792182,0.03430013164785325
hungarian,37,0,0.01274767685639046,0.1515987178094747,0.8967874521821108
hungarian,38,0,0.7675350742961622,0.2890970568916487,0.7016507490758014
hungarian,39,0,0.038005407291291676,3.6872616564312174e-05,0.07768553255691918
hungarian,40,0,0.007274213686729424,0.002085854468576663,0.03692084502970323
hungarian,41,0,0.024703385383892926,0.0006791604333742092,0.06856924714158771
hungarian,42,0,0.0015685199310106889,0.07922858663812954,0.16559531823954055
hungarian,43,0,0.05459423774534098,0.00024426492879301576,0.1270149432161526
hungarian,44,0,0.00045478621183156026,0.0015609788995306756,0.3776428568886522
hungarian,45,0,0.6311672287656037,0.05005766765670795,0.007487669353932343
hungarian,46,0,1.4637976443689038e-06,0.010424202814644146,0.0005587424045832596
hungarian,47,0,0.00029705117575308933,6.49411444476008e-07,0.07508312290976275
hungarian,48,0,0.9926370045870219,2.0776714746747597e-06,0.2093109136358471
hungarian,49,0,2.5052715196054496e-05,0.03673428050253085,0.2003684003642685
hungarian,50,0,0.0006514019340857144,0.003738779909382192,0.03957025707167876
hungarian,51,0,0.5117593524167646,0.49163779189030204,0.8723892985303456
hungarian,52,0,0.875654842961122,0.04028556322615895,0.003334540133509283
hungarian,53,0,4.946144161344413e-05,0.0022592199784565,0.2483912201397132
hungarian,54,0,2.7323081739092304e-05,0.003862667634208239,0.22320452100776714
hungarian,55,0,0.9668174939786383,3.0395716989581743e-05,0.007015632606949506
hungarian,56,0,0.060589374517808284,0.059680158691631846,0.7325775251659296
hungarian,57,0,0.12508390162076116,0.9814062089783125,0.19377030387296382
hungarian,58,0,0.11442720865745823,0.06588567060445154,0.6636682387710383
hungarian,59,0,0.0022453192492812653,0.015564073956653301,0.024821766349781
hungarian,60,0,0.0015106729534713796,0.0032427469152935574,0.04080907747935936
hungarian,61,0,0.005454012116491253,0.00010180167185596508,0.014747624548388388
hungarian,62,0,0.00014542882519174346,7.67013816362436e-06,0.018781545488449763
hungarian,63,0,0.004461785202965595,0.9927176743278298,0.07115997780584214
hungarian,64,0,1.0751934023834602e-07,1.0185230164994838e-05,0.0016893318660219734
hungarian,65,0,1.5629028604472202e-06,8.211806760151224e-06,0.0015208630758159433
hungarian,66,0,0.07221658474386178,2.3896401161178427e-05,0.010859605742827452
hungarian,67,0,0.006672794743998564,0.46428717423917365,0.004836787784292518
hungarian,68,0,0.9155104161084205,0.0017055391730830868,0.2804578365496235
hungarian,69,0,0.0005083561648198794,9.09823817678582e-06,0.016758681941601673
hungarian,70,0,0.2758573239206461,0.10879365951257441,0.684052384756992
hungarian,71,0,5.720666498973e-06,1.0995608574463079e-07,0.03996437254556783
hungarian,72,0,0.0004198508007142082,0.001365898286262074,0.0015185329663053547
hungarian,73,0,0.9999999903776452,0.9907173244776205,0.7978733110176895
hungarian,74,0,0.498371080890608,0.8661866775938802,0.974552219338289
hungarian,75,0,0.0045026852988450635,0.06849979471612472,0.02631735380806431
hungarian,76,0,0.010080109755911391,0.9955493275713462,0.41379828877830804
hungarian,77,0,0.4668291600886082,0.9799862888276675,0.6936791347836747
hungarian,78,0,0.9999713553868599,0.9938641145095587,0.3810224232136326
hungarian,79,0,4.267457357612718e-06,3.676174785662363e-05,0.003854735053249864
hungarian,80,0,0.3356716848674843,0.4776877624289722,0.008276374058164244
hungarian,81,0,0.003812895358158452,0.1274010896590544,0.11499922189020935
hungarian,82,0,0.011922881297240829,0.9976123480596412,0.9976606165494751
hungarian,83,0,0.004581568256548613,0.002411528138003807,0.7104560014745178
hungarian,84,0,0.9977394021160209,0.9998488914314384,0.5504015418848438
hungarian,85,0,0.0005917551681207411,0.8477412439377032,0.014349524885780594
hungarian,86,0,2.5485691033808813e-05,0.0005861558738244606,0.6549802086210273
hungarian,87,0,0.9257768596286838,0.00011898963734338131,0.09866258264928435
hungarian,88,0,0.9773749988144627,0.6936713877189078,0.010237432888232456
hungarian,89,0,0.9977215723005839,0.24593884100775967,0.9052519804412057
hungarian,90,0,0.03684039212744805,0.26493084594807814,0.0010572637543379024
hungarian,91,0,0.1598742024758901,0.9980927957758006,0.3768537759227631
hungarian,92,0,0.9995446092292245,0.9996785599892702,0.06500566419251753
hungarian,93,0,0.06987926610580741,0.8755832195837014,0.03800086797248394
hungarian,94,0,6.995511876265461e-07,0.0002863050996017438,0.8575769328591587
hungarian,95,0,2.3318142405977194e-08,0.11263241282082767,0.004135723972487341
hungarian,96,0,0.994953526208198,0.9999885585451513,0.9909024662110402
hungarian,97,0,0.9999261007239686,0.6601298618705805,0.07407792488095055
hungarian,98,0,0.10512501533219049,0.06016546391587959,0.021607487986910416
hungarian,99,0,0.9947678818753,0.0004792592680957063,0.03142751551893718
hungarian,100,0,0.9911239669595122,0.9889120110368019,0.022576095439309274
hungarian,101,0,2.9663125754386037e-06,0.006876445345254211,0.0013371823667185736
hungarian,102,0,2.9663125754386037e-06,0.006876445345254211,0.0013371823667185736
hungarian,103,0,1.642126952206157e-07,0.17031860692274742,0.06477443642521126
hungarian,104,0,0.03944812879829314,0.10192142610131975,0.011032456658443946
hungarian,105,0,0.9940183586469448,0.8559115993929933,0.004256867398468832
hungarian,106,0,0.9848053622102494,0.977589296538562,0.2253624726625601
hungarian,107,0,0.9999977727304898,0.9999976749824435,0.9818002445399986
hungarian,108,0,0.9859673381551985,0.9878850981818994,0.5250597818671963
hungarian,109,0,5.853788587656532e-07,0.009539711117730536,0.00468228674499788
hungarian,110,0,0.999927693612705,0.021921677390909913,0.9884902590714111
hungarian,111,0,0.649477773134408,0.04546264625514954,0.012671568543705544
hungarian,112,0,0.9892865089504349,0.06638898653449213,0.02393920012308018
hungarian,113,0,0.9994459244149295,0.9286060337952322,0.1625967269879153
hungarian,114,0,0.9872257565151872,0.9999604576271773,0.44043545746534374
hungarian,115,0,0.013305875235022377,0.9678426185020355,0.4426287861565319
hungarian,116,0,1.2311892146250498e-06,6.910344750419248e-05,0.0005449975773793888
hungarian,117,0,0.00631898724031152,0.021531451914945838,0.0010381679744567406
hungarian,118,0,0.00684060044150913,0.9999999987970585,0.7197467213645418
hungarian,119,0,7.518521462454358e-07,0.9246184078478497,0.025486720447688623
hungarian,120,0,0.7300330665358926,0.12444002855833308,0.004148816888191144
hungarian,121,0,0.9579613443669868,0.14286012375295068,0.0014314578600586553
hungarian,122,0,0.7347007468477929,0.9298185760049926,0.9972636874478917
hungarian,123,0,2.6632173586101756e-05,0.20018217455850945,0.06225349601232833
hungarian,124,0,0.00022567965297780844,0.001015115235853815,0.06671125120256932
hungarian,125,0,0.9999650429223561,0.9998847581451424,0.06658525293500706
hungarian,126,0,0.23741875883233973,0.999979287664676,0.9927860097866029
hungarian,127,0,0.6832946124241223,0.31334060622602694,0.08162404236955184
hungarian,128,0,8.969349571769016e-05,2.0209974061421083e-07,0.39965266480845896
hungarian,129,0,0.9999987885223935,0.17883062651547632,0.05081947205831726
hungarian,130,0,0.8423201286173856,0.00024938868467870546,0.24211051534234895
hungarian,131,0,0.9988424597531852,0.9986951622533927,0.06488410528476823
hungarian,132,0,5.617758020826811e-05,0.998676133295152,0.21011144758025413
hungarian,133,0,0.9999812426670205,0.9042078955795487,0.030715801961032987
hungarian,134,0,0.7666264288009973,0.9939986318517605,0.08854661432051461
hungarian,135,0,0.8820230370282054,0.11392608716087836,0.0002348196259261191
hungarian,136,0,0.9697013307366721,0.9999998837581345,0.0003894753394189814
hungarian,137,0,0.9999912483649077,0.999961916799742,0.9999888102672781
hungarian,138,0,0.790003699964754,0.10651254948239097,0.11742067349242356
hungarian,139,0,0.9985754926745175,0.18791308617755342,0.2065092112619339
hungarian,140,0,2.8853685809211144e-07,1.3831121109640813e-05,0.0008286114597668305
hungarian,141,0,0.0024964380637873015,0.9999378352873253,0.40624251908900205
hungarian,142,0,0.0018338487729830637,0.0016505010949373745,0.02820309887227614
hungarian,143,0,0.7154325514747731,0.1058577514983448,0.06603341014432115
hungarian,144,0,0.7415162883093251,8.679878430041203e-05,0.06457703267225175
hungarian,145,0,0.08326770242287428,0.060234840072850016,0.06706756514117405
hungarian,146,0,0.8388374766954544,0.9991129906879632,0.07176569764974591
hungarian,147,0,0.8903016272945823,0.9999087694666259,0.1973523704812345
hungarian,148,0,0.9999926990746287,0.9999971206565607,0.017664879882876093
hungarian,149,0,0.9789001851436072,0.03160281802545042,0.004615750656039739
hungarian,150,0,0.45153487063185854,0.9998924421017412,0.07562420884008927
hungarian,151,0,0.9338984823205962,0.9999857770568047,0.9973902988450017
hungarian,152,0,0.9892101499169068,0.9957155341772361,0.009972941989076396
hungarian,153,0,0.9978482496442577,0.9999985593159538,0.003451699608722347
hungarian,154,0,0.2631348060921526,0.9778491274098565,0.060781377498427186
hungarian,155,0,0.0011555589101248627,0.9975208384757606,0.23053232411264704
hungarian,156,0,0.9814675281547052,2.1064353540223546e-07,0.005394902723753934
hungarian,157,0,0.22965005676911807,7.527728133723131e-05,0.06596073862009254
hungarian,158,0,0.0998947690446439,0.2130687804139513,0.03275430766498774
hungarian,159,0,0.9800850347816278,0.9877334047009328,0.9332747615593605
hungarian,160,0,0.9574863791837485,0.01113968492271142,0.00038523798194594374
hungarian,161,0,0.9921167711137735,0.13659355605985185,0.0007534610969715061
hungarian,162,0,0.8750653551752355,0.02068482193640246,0.026139777011465987
hungarian,163,0,0.000365359233770539,0.027734767570377614,0.16718669025546412
hungarian,164,0,0.9963564760768694,0.947970384275346,0.7529433298316157
hungarian,165,0,0.9999822962822008,0.999905695111467,0.9732672751302389
hungarian,166,0,1.0024222040611869e-05,0.0003541985957148474,0.02455654290189084
hungarian,167,0,0.07604511566414368,0.26433701561743383,0.07895078163689957
hungarian,168,0,0.9999274234948898,0.9994994527317498,0.6341620489385557
hungarian,169,0,0.999625489685641,0.9999975219616017,0.9299061397647836
hungarian,170,0,0.9740172554241993,0.9997515077158786,0.8896619056884139
hungarian,171,0,0.9999979429761056,0.9618057036649199,0.05116570049487092
hungarian,172,0,0.9258219184918839,0.7750897248396276,0.6459138937624773
hungarian,173,0,0.9999120674266117,0.9996351810663918,0.9571054362214141
hungarian,174,0,0.06961290086285396,0.00014226772259846415,0.011999208285235537
hungarian,175,0,0.756942903005763,0.9987718537830228,0.1172770158489636
hungarian,176,0,0.9998928665553369,0.007471611682202769,0.01832573976881382
hungarian,177,0,0.9998229309200322,0.9997526193335201,0.7282499035025999
hungarian,178,0,0.7900514727910162,0.9947882368470512,0.03878775423693216
hungarian,179,0,0.00816631798570417,0.01439431147184668,0.04161074732172818
hungarian,180,0,0.9999994170399314,0.9999443905919225,0.9344778008493732
hungarian,181,0,0.9999999818741395,0.999950250159225,0.12289634849297305
hungarian,182,0,0.96200636399426,7.796762786810785e-05,0.03741526882404179
hungarian,183,0,0.7514416336509485,0.5477712806167571,0.028321146787057067
hungarian,184,0,0.9636828352542405,0.9996692646302943,0.9943569641275798
hungarian,185,0,0.9999404383846415,0.44556641184233325,0.9374494558354783
hungarian,186,0,0.8872913394075851,0.9993061539333915,0.06682232138550814
hungarian,187,0,0.0001849632240941053,0.04225243138970141,0.9937085015587558
hungarian,188,1,0.0007297482840950252,0.9235634459853367,0.990952273312405
hungarian,189,1,0.004795143874080132,0.003595706883559629,0.9871516550971904
hungarian,190,1,2.929600532551142e-06,2.2141837800089162e-08,0.5202243108480441
hungarian,191,1,5.6564474532890905e-06,0.6902693621960562,0.24274253107557126
hungarian,192,1,0.004907198631814264,2.198689453495189e-05,0.8867605978003972
hungarian,193,1,0.8710123247712018,0.8689800797564939,0.9081376103818145
hungarian,194,1,0.053247267459677984,0.7564336435766357,0.9887399914554131
hungarian,195,1,0.06181877486043834,1.4583002699694566e-06,0.9829001513799461
hungarian,196,1,0.9990522063109387,0.9380009675295518,0.05800197672492986
hungarian,197,1,0.06434724339013255,0.14840727432850284,0.894908551467749
hungarian,198,1,0.3906807189474342,0.8813459476018085,0.9787258507456069
hungarian,199,1,0.9184878591602461,0.9999951234012127,0.8884085382014029
hungarian,200,1,0.04257849019150773,0.9526113706503057,0.9338372724796876
hungarian,201,1,0.13398186332461132,0.9826450843781733,0.8281088389183628
hungarian,202,1,0.09478056255941779,0.9973222914379782,0.22032047310331254
hungarian,203,1,0.9995955037412222,0.9999928993388468,0.9993063160004642
hungarian,204,1,0.003107982539689172,0.40749465390420697,0.8725989091949733
hungarian,205,1,0.32870119822293614,0.9995194895712637,0.9982980768956042
hungarian,206,1,0.9952916390152442,0.937972004057118,0.9695406966022372
hungarian,207,1,0.99997313309966,0.9999990684497144,0.986055690650016
hungarian,208,1,0.8333598469616897,0.999492047103705,0.9958259543853296
hungarian,209,1,7.47533361677711e-09,6.082794119023396e-05,0.0044873314892446324
hungarian,210,1,0.9468842974588906,6.253462157771311e-07,0.021483276225350265
hungarian,211,1,0.741195195838521,0.013161832046272071,0.8917664180125836
hungarian,212,1,0.9999470289721859,6.020900630850907e-06,0.046364936947131244
hungarian,213,1,0.9999388195634744,0.37045619201100666,0.5265134358517926
hungarian,214,1,0.3168550924432118,0.9999999177833604,0.9730342430252267
hungarian,215,1,0.9981720020443429,0.9999355412031022,0.9999126470377276
hungarian,216,1,0.9881675692309265,0.9659062527461909,0.05445197202722674
hungarian,217,1,0.9975518673541633,0.9999999909324179,0.9851946886762981
hungarian,218,1,0.9988963085965035,0.9999991236169719,0.9910309782847044
hungarian,219,1,0.9998862125688701,0.004749194030042821,0.9768726448515298
hungarian,220,1,0.9852475583605421,0.0007700709880471702,0.6221466042385418
hungarian,221,1,0.9999990101502491,0.09093871544935986,0.9178322615493725
hungarian,222,1,0.9882551442783641,0.999977651589426,0.9832487803894406
hungarian,223,1,0.9987351655659777,9.89746937732073e-06,0.6660862354102449
hungarian,224,1,0.999598481415021,0.9999999173240699,0.9337498716113548
hungarian,225,1,8.262483220679493e-05,1.4001293195474402e-08,0.034094378440565225
hungarian,226,1,0.06872370723671954,0.9925030586092797,0.9613582314201743
hungarian,227,1,0.09971620920772865,0.1745352100145547,0.956565472004501
hungarian,228,1,0.9999978563558549,0.00833915790538091,0.9285890914143442
hungarian,229,1,0.9998988673143311,6.946957017894169e-07,0.12190651086169202
hungarian,230,1,0.9997012661810329,0.999988537650011,0.9931654091683612
hungarian,231,1,0.999557758503507,0.9899195937883549,0.6578822711037187
hungarian,232,1,0.005605658839489714,0.02975739722536342,0.8117706801579703
hungarian,233,1,0.018604481116617503,0.9199865885074973,0.8907088612987943
hungarian,234,1,0.9998613731876589,0.9999997552646694,0.8956538232938446
hungarian,235,1,0.9928634231821036,0.9999999304266214,0.999567366560854
hungarian,236,1,0.5554244438076097,0.999999679128457,0.9960197442589784
hungarian,237,1,0.9999518869370814,0.9999826920629096,0.9997575845126639
hungarian,238,1,0.09014847048814935,0.9982420683117864,0.8788710760019537
hungarian,239,1,7.589095342987319e-05,0.9998747151412978,0.9272626040196522
hungarian,240,1,0.9999999994540443,0.9997966044005224,0.9392599090984767
hungarian,241,1,0.9999959472382404,0.004086891728328605,0.9098372070348864
hungarian,242,1,0.9999998202665034,0.9999998982089636,0.9880145046009303
hungarian,243,1,0.8386268428797635,0.9999999993115558,0.5897281798159263
hungarian,244,1,0.9998820211060326,0.9951013044433579,0.9429747079424314
hungarian,245,1,0.8104285166203062,0.9931670378162026,0.9550510842787956
hungarian,246,1,0.9882509049038374,0.9998352327366229,0.9871403991859846
hungarian,247,1,0.9999992648450464,0.6683591110646733,0.9474444286751977
hungarian,248,1,0.9999999999999065,0.999999878143335,0.999714157051343
hungarian,249,1,0.053192899002047454,0.7127888680845998,0.9668036443511244
hungarian,250,1,0.6947312030032818,0.9964209371704237,0.9985393000703322
hungarian,251,1,0.9997925965127554,0.9999999688979487,0.9994814686238329
hungarian,252,1,0.998767796886844,0.999999969353301,0.995361238139019
hungarian,253,1,0.9999347557488103,0.9962226708543108,0.9866560457089145
hungarian,254,1,0.9997723506343683,0.9999991935885918,0.9997134925923298
hungarian,255,1,0.008072771965135984,0.0399697489672991,0.6767808205204835
hungarian,256,1,3.391255615435625e-05,5.31391763096197e-06,0.912820918576114
hungarian,257,1,0.999989634672855,0.9999799960297628,0.9965778759004135
hungarian,258,1,0.999999994144187,0.9999939974855413,0.9917763309931062
hungarian,259,1,0.9218118317267194,0.9992061796884405,0.9101838813940994
hungarian,260,1,0.999976024267818,0.791468098143993,0.9786849593610096
hungarian,261,1,0.9999999891754426,0.004347980160923731,0.9955132966879076
hungarian,262,1,0.9999999996706845,0.9999997410672801,0.988907892763988
hungarian,263,1,0.9999992443072752,0.9999998569490007,0.9975884530557881
hungarian,264,1,0.9999999999682276,0.9995135750984683,0.9992027611395722
hungarian,265,1,0.9999992819706065,0.9999998242217483,0.5536299346213984
hungarian,266,1,0.9983018452744286,0.9999999840245908,0.7797389101231177
hungarian,267,1,0.9884967045966011,0.9990784519417678,0.9970665798918262
hungarian,268,1,0.0010079714476444917,0.9988830283182468,0.04084273960339754
hungarian,269,1,0.9343859379668027,0.9998921859323536,0.757077541829616
hungarian,270,1,0.9999999739956775,0.9999998914519652,0.999270198472311
hungarian,271,1,0.01439755539091768,0.0017303881597356687,0.05068336515155691
hungarian,272,1,0.9999600912422199,0.9997968180647044,0.9979578202924678
hungarian,273,1,0.1793757484177329,0.9999986604088017,0.9980872591326048
hungarian,274,1,0.9999244269239104,0.9999648787582721,0.9898277388003889
hungarian,275,1,0.9195839349050288,0.1927308255141657,0.4691161503623985
hungarian,276,1,0.9999999691568197,0.9999730552621354,0.09729172561587521
hungarian,277,1,0.9958035837770717,0.9999822400613492,0.9737070865030125
hungarian,278,1,0.9997992981828924,0.9999999933734816,0.9384802683373733
hungarian,279,1,0.9314468120902972,0.9983537454661271,0.9966754511650513
hungarian,280,1,0.9837208239782231,0.9939030500156093,0.9365766328755447
hungarian,281,1,0.999261591671555,0.7692292504369724,0.8551245231410819
hungarian,282,1,0.9999996492417222,0.26759819318365746,0.9885460313516551
hungarian,283,1,0.9651679316303179,0.5038432348005014,0.9183252960287136
hungarian,284,1,0.9999971325358049,0.9957400164470689,0.966753051613236
hungarian,285,1,0.06434478478879897,0.9999997483133533,0.9947354887224868
hungarian,286,1,0.9995980575417696,0.9999231459463738,0.9954238044447415
hungarian,287,1,0.9999999243382893,0.9878305374076017,0.9987306378910676
hungarian,288,1,0.9999926290591494,0.9999994684417252,0.9437043568292961
hungarian,289,1,0.9999706628034843,0.9999305412222625,0.9994989173401143
hungarian,290,1,0.9984480716075007,0.0002116037992067494,0.003465865559533025
hungarian,291,1,0.9999997618263542,0.9999999506712294,0.840147310968447
hungarian,292,1,0.9980706612029258,2.993611635625388e-06,0.3610775622164854
hungarian,293,1,0.9737799608269831,0.9999857824827666,0.9560819991171159
switzerland,0,1,7.544369540121906e-08,0.0001307402611115531,0.0073044590638894945
switzerland,1,1,0.0014035436024694304,0.13277698197219806,0.2629502237791956
switzerland,2,1,0.9378943971822609,0.9998028358345645,0.9843760275993547
switzerland,3,1,0.9999999998576345,0.9999999987506889,0.9228635799650814
switzerland,4,1,0.999790164690861,0.01868855932351594,0.6197059099961556
switzerland,5,1,0.1508330547674773,0.0270190922012022,0.02123799983773315
switzerland,6,0,1.000590537749948e-12,3.260672275383917e-05,0.2290966443538576
switzerland,7,1,0.317461869002482,0.9999829812933029,0.004879307702594342
switzerland,8,1,0.9077601641239382,1.7353301148860265e-05,0.9627180978897302
switzerland,9,1,0.0005272258375504655,0.06456626076213103,0.9767590084328505
switzerland,10,1,0.4178495714210324,0.4468718921073412,0.8718609375947398
switzerland,11,1,0.999642248185258,0.5767731764509635,0.9907122126129287
switzerland,12,1,8.918047990566343e-06,0.8859465102017385,0.9509625071695428
switzerland,13,1,5.686689404118486e-08,0.014219911711202194,0.49501909410790124
switzerland,14,1,0.9999934163027941,0.9999964268524907,0.2034085152204408
switzerland,15,1,0.9999999997609126,0.999999102845349,0.628161173749389
switzerland,16,1,0.09726469806702874,0.07761906950641233,0.2539447353476242
switzerland,17,0,0.1072769374206459,0.0037388178446570532,0.16456509331208063
switzerland,18,1,9.357622968839299e-14,0.00983398470652397,0.08223608204502811
switzerland,19,1,0.9999999999544511,0.9999994038664847,0.6127419976471354
switzerland,20,1,0.9999993940338919,0.9999999489724011,0.0006290494374446955
switzerland,21,1,0.006747898336472547,0.31663468392150146,0.6507538614075473
switzerland,22,1,0.9999999240350022,0.9994858431932038,0.9618292578997577
switzerland,23,1,0.0017449818659021857,1.0258164831918353e-06,0.8233614516490733
switzerland,24,1,0.7913441874901278,0.9999863982170468,0.6361943022012895
switzerland,25,1,1.8438096419115317e-06,9.738666082767593e-09,0.07261408874041611
switzerland,26,1,0.9999999971074078,0.9999985735445875,0.9301706503149816
switzerland,27,1,0.017489077683664672,0.007277239196904724,0.010834777137337595
switzerland,28,1,0.8803710420611209,0.999835389194366,0.9740180002634397
switzerland,29,1,0.009096264335802578,1.272029088523164e-06,0.9947983537712455
switzerland,30,1,0.5663935846121954,0.99999917686607,0.7255877153542313
switzerland,31,1,0.00010167105920825979,0.9998939285673281,0.0024613879773500756
switzerland,32,1,1.499635884330194e-06,0.019797248401844943,0.5877693682844728
switzerland,33,1,0.8128929380699389,0.27479956361664415,0.9634810764398997
switzerland,34,1,0.0016013030096229085,4.687479459350142e-06,0.2652138036190669
switzerland,35,1,0.9999999998282845,0.9999295607694608,0.9774887276902273
switzerland,36,1,0.47816212682493847,0.0006167995556452375,0.7997199636452231
switzerland,37,1,0.9999999905841349,0.9999999330383815,0.7620311395029494
switzerland,38,1,0.8930179547688721,0.030309673671906994,0.022407982443917365
switzerland,39,1,0.9999999092737961,0.9765850741281881,0.9998485383893048
switzerland,40,1,0.001618546526566238,0.6750046164545156,0.07474006451215455
switzerland,41,0,0.00023709194227357791,0.0516429748660187,0.3133781338408497
switzerland,42,1,1.1911168610122951e-05,0.9999999560509257,0.06702344515036189
switzerland,43,1,0.17754502833713073,0.0008186973196053935,0.5368769878368662
switzerland,44,1,0.6454029772203528,0.9999323534176376,0.6669422966606411
switzerland,45,1,0.9999304009866155,0.9882289345740424,0.33416206035883517
switzerland,46,1,0.9999161561122207,0.999999243943953,0.10104105351671819
switzerland,47,0,0.9999999999997393,0.9999999995097739,0.9907015395571213
switzerland,48,1,0.7789574705504048,0.9953029039486317,0.9920635286668487
switzerland,49,1,0.9999895825301058,0.9999999999531983,0.7627990279215203
switzerland,50,1,0.9999999999998146,1.4499565041145359e-06,0.9838236079776956
switzerland,51,0,0.00013219956112102676,0.007611447018068003,0.7400409014755733
switzerland,52,1,0.7682069490353552,0.9999948548576354,0.9851400153824249
switzerland,53,1,0.29674270670833824,0.0025228702254973265,0.6707966191544499
switzerland,54,1,0.0007255333363796381,0.0002584556745609713,0.09085230814978663
switzerland,55,0,0.0001741978533995691,0.9980291856592357,0.021616704850964487
switzerland,56,1,6.105924456102709e-09,2.1152731274967565e-08,0.0071266357737007745
switzerland,57,1,3.87426956631787e-07,1.8732675045080625e-09,0.33016493781186224
switzerland,58,1,9.357622968839299e-14,1.006335008423552e-06,0.7742524520144431
switzerland,59,1,7.848008200910659e-08,0.003329635528698589,0.9741829719751182
switzerland,60,1,0.953706428065035,0.9999972530527108,0.9192556835622617
switzerland,61,1,0.9999997758236282,0.9999999847524323,0.9951885617265614
switzerland,62,1,0.1867629173373325,0.999999994602238,0.9940425198004601
switzerland,63,1,7.305136808652574e-11,0.9999999935956894,0.017310015585414965
switzerland,64,1,0.25642693943348316,0.9426813702172601,0.08004189890007153
switzerland,65,1,0.9999752270334943,0.9999999955198258,0.736557315455827
switzerland,66,1,0.9950430487425266,0.9983061166219479,0.7894201600420659
switzerland,67,1,0.8732866197408199,0.9997391553094523,0.9943905321879534
switzerland,68,1,0.9493082863416363,0.9999998596945411,0.8807979517286415
switzerland,69,1,0.9684527364805499,0.9785846083442261,0.571839294191098
switzerland,70,1,0.993598396806458,0.9999973558591038,0.27526017962969496
switzerland,71,1,0.8886490999185408,0.016323599383564702,0.06012943346529877
switzerland,72,1,0.9999999959143371,0.9999999999871367,0.9793865986400481
switzerland,73,1,0.20614688343483623,0.999316693964369,0.7267054395297764
switzerland,74,1,0.475418038449839,0.9719991135784463,0.34612450158178754
switzerland,75,1,0.1440749460803392,0.9999968514827373,0.09028600992078845
switzerland,76,1,0.9999978381608929,0.9999999961367196,0.9523905768454558
switzerland,77,1,0.9996809174886605,0.9643329945419143,0.17327286062023464
switzerland,78,1,0.007738960238629045,0.999983899707763,0.15023294257580944
switzerland,79,1,0.9726856355955766,0.9997271267457779,0.7849505394823284
switzerland,80,1,0.9618610208354349,0.9999999992348536,0.9942080860277441
switzerland,81,1,0.8270975343336215,0.429004155921449,0.079494718571248
switzerland,82,1,0.9997739621909802,3.3330005636277943e-06,0.47058072120010036
switzerland,83,1,0.0001675495242992508,0.002070018223758582,0.05550866403169263
switzerland,84,1,0.9869489864431429,0.9995410032418395,0.9149356868443462
switzerland,85,1,0.9999999999054627,0.9999999989674553,0.9995100471564804
switzerland,86,1,0.027031475771178048,0.9993161151482983,0.6719233670962149
switzerland,87,1,0.019208446420483687,0.9979294540105191,0.1329117366649853
switzerland,88,1,0.9999999999999065,0.9999998791619862,0.9988566223944579
switzerland,89,1,0.952725910937114,0.10696087354071396,0.9126042503753816
switzerland,90,1,0.6984610253205763,0.9999998465351325,0.7947985302365531
switzerland,91,1,0.9999984858366541,0.9792238591538823,0.6443165857156727
switzerland,92,1,9.357622968839299e-14,5.5452064177501924e-11,0.00604241426104936
switzerland,93,1,0.9999999979269423,0.14639887040563612,0.8704259587682767
switzerland,94,1,0.0003391920059804078,0.016440277109611226,0.038189762537708415
switzerland,95,1,2.056056846003608e-07,3.2380616397411185e-06,0.9705184893360311
switzerland,96,1,0.9999999651383983,0.9999999995470967,0.7236633608099492
switzerland,97,1,0.9999999999887539,0.9999353836355003,0.9757474219523695
switzerland,98,1,0.9999999999999065,0.9999991605400277,0.9243759382996001
switzerland,99,1,8.360327698908052e-10,0.9402052661712584,0.2069458583696924
switzerland,100,1,0.004421644278432067,0.9841225722151347,0.025205292123749872
switzerland,101,1,0.3516969034462953,0.999998201724053,0.9734494172471803
switzerland,102,1,0.9999744935924465,0.9998028282601317,0.6393612436762544
switzerland,103,1,0.9994181261887228,0.9427150226001122,0.06710413564582515
switzerland,104,1,6.589482049461738e-08,2.701492532935171e-06,0.005020398396598131
switzerland,105,1,0.9999999955000249,0.9999953463723822,0.940019476132603
switzerland,106,1,0.9999999996381774,0.9999999984224466,0.7810340534283522
switzerland,107,1,0.9999999996615687,0.9999999967428854,0.9834340807093892
switzerland,108,1,0.8316381560783067,0.31636965772589815,0.4128154964670846
switzerland,109,0,0.9999766833989617,6.832024856210004e-06,0.2687459428682284
switzerland,110,1,0.9990906030438852,0.9997734840375307,0.8494706167663797
switzerland,111,1,0.012321692788045985,5.815467191417218e-09,0.17334343619315973
switzerland,112,1,0.032056745387307704,0.9999993989077556,0.8670196696593021
switzerland,113,1,0.004665335091834558,0.11109618684816618,0.667159151039753
switzerland,114,1,0.994680327228999,0.34462855768383965,0.4642370593787445
switzerland,115,1,0.9996365999825306,0.0004634585202236486,0.3412855586756674
switzerland,116,1,0.39426309622257955,0.0002467463842766875,0.35773949292130924
switzerland,117,1,0.9999988235779558,0.999954282677042,0.7918927911571572
switzerland,118,1,0.987640361878712,0.9999997808871435,0.9492804871600533
switzerland,119,1,0.9538166492174577,0.9999591618105057,0.9873310218419046
switzerland,120,0,0.9986667816468873,0.0025570727520503322,0.8141152429740084
switzerland,121,1,9.381115113068727e-07,0.02997267004421663,0.009377883441388008
switzerland,122,1,0.9999914737679981,1.2162907851817318e-08,0.43852364049855164
va,0,1,0.9999999999999065,0.9999953490845441,0.9999945413784422
va,1,0,2.3700088288408438e-05,0.1048109210897186,0.8206339947942741
va,2,1,0.9999999987266237,0.9999988312757032,0.9994100982979762
va,3,1,0.9999999999972751,0.9999997656466636,0.9976464965500844
va,4,0,0.9999027559858743,0.9675499608441136,0.9990021000685991
va,5,0,0.005389524226090194,0.9953258467497025,0.4641445965276501
va,6,1,0.8474824533538098,0.9999986468115761,0.9798164346049119
va,7,0,0.9999999998705944,0.9999999990954871,0.9870108511020942
va,8,1,0.9975243827358529,0.9985447503995586,0.9457730721202847
va,9,1,0.0006359914547489592,0.1587264659576974,0.03321041645521428
va,10,0,0.9984515190423388,0.999749362968309,0.20149059216310808
va,11,1,0.9999999999997446,0.9999999889790668,0.9942574945244567
va,12,1,0.821051465339249,0.9999993760076712,0.8816918861298455
va,13,1,0.9998653803120269,0.990590760335885,0.7619790363661981
va,14,1,0.9999994224131187,0.9999873863064365,0.9716742164107166
va,15,0,0.07810442931092071,0.9699743842572939,0.27788032598738777
va,16,1,0.9999999999974061,0.9999999914053873,0.997942672781967
va,17,1,0.9550602886476491,0.40143489951839395,0.9768909293229441
va,18,0,0.999999986202458,0.9999906555735719,0.9991862919095109
va,19,0,0.9999999999978346,0.9999999999413283,0.5671010088710846
va,20,1,0.9980126756469139,0.9999999700258266,0.7503065841204474
va,21,1,0.99999999999775,0.9999982988031633,0.9792893941120582
va,22,1,0.9999999999999065,0.9999993679551873,0.8492624555188465
va,23,0,0.9970740673775031,0.9999959441822674,0.4324638120380363
va,24,1,0.9986669829906718,0.06690751514238215,0.1538748835394515
va,25,1,0.9999999998509312,0.9999997214314397,0.9979764649286637
va,26,1,0.9984361024948067,0.9992520667722784,0.8104642317892135
va,27,1,0.9999492125709659,0.9999997909343601,0.984279091116029
va,28,1,0.9998466410835728,0.9999942603296402,0.9943040476692051
va,29,1,0.022140860954667038,0.9311631571506801,0.35161972818396237
va,30,1,0.9999999412990203,0.9999707977652779,0.8977142561107548
va,31,1,0.9999999998192903,0.9999991843181629,0.9818008941452845
va,32,1,0.9999999935044572,0.9999897875738794,0.9947459949996416
va,33,1,0.9999934182763932,0.9999995436610747,0.0536786290466103
va,34,1,0.9999999997363409,0.9997882594746623,0.9993128491563449
va,35,1,0.9999999999999065,0.9999999792126684,0.9214140243930639
va,36,1,0.034274873078405745,0.010651062396528901,0.2121016243347141
va,37,0,0.9999999981829106,0.9999999986583312,0.9923943861977729
va,38,1,0.005645799161351031,0.9508985791729043,0.8511638651640429
va,39,0,0.9999999999956468,0.9999999601534031,0.9717336097435341
va,40,1,0.9999999998799565,0.9999846052283068,0.991441687896704
va,41,1,0.9995167623898492,0.9681554808027881,0.7963916956476892
va,42,1,0.9999999999999065,0.9999999955752434,0.8662057065736647
va,43,0,0.9999999999998825,0.9999996335296402,0.7389804499117029
va,44,1,0.0022569073737178803,0.0035979725800627366,0.4409494264346706
va,45,1,0.9999999996411362,0.9999487963406545,0.9758250399018782
va,46,1,0.9999999997462663,0.9993353673783002,0.9865555788288694
va,47,0,0.9747301026946843,0.9999297559129344,0.976771596790001
va,48,1,0.9999999479557902,0.9992694084840306,0.9997448054767335
va,49,0,2.3894385484831615e-07,0.0005336578827291589,0.0018676788098441978
va,50,1,0.9999916287935309,0.7224683642109335,0.9982251586828749
va,51,0,0.008341484642663613,0.9999999920569883,0.00139990893865587
va,52,1,0.9999996714177535,0.9919766063007559,0.9967101401782282
va,53,0,0.03342236753383441,0.9972699070691389,0.39970373007743376
va,54,1,0.9945069648063334,0.9983402711369385,0.9695530374379057
va,55,1,0.9999999999948062,0.9999167703135534,0.999913760045018
va,56,1,0.9999999999384916,0.9999999654657167,0.9986208832589372
va,57,1,4.2134086898187415e-07,0.11165761520800804,0.3385370243943023
va,58,0,0.9532231439757706,0.9991443313599072,0.06229718008399766
va,59,1,0.9999999972540823,0.9998923919660069,0.8543156752089494
va,60,0,0.08987329217204629,0.9999603509790399,0.0714489916354583
va,61,1,0.9999999999988332,0.9999505953609737,0.9673691633958329
va,62,1,0.9975841057356868,0.032540002597724084,0.9961394217449032
va,63,1,0.9997760356736982,0.9999999735003882,0.9963875795480073
va,64,1,0.99999999995522,0.9999659440492736,0.9967266148961053
va,65,1,0.9999999587765586,0.03425736803255472,0.9673377272172997
va,66,1,0.00353044911269285,0.04669300258702121,0.009591387379056059
va,67,1,0.999999998009496,0.9999952053174105,0.9977178984059617
va,68,1,0.9991812416012678,0.9863577549875261,0.8356772925936933
va,69,1,0.1458593960206383,0.009124777814317617,0.0178350915639957
va,70,0,6.092158935164359e-07,0.0004760823890630536,0.5965870332234658
va,71,1,0.99673592005204,0.9999797552275008,0.9996327574757597
va,72,0,0.9999999473765669,0.8738681978564071,0.05139750559447453
va,73,1,0.9999770698820628,0.9887721680410654,0.9998460861057438
va,74,1,0.856729299676233,0.9999994836042632,0.9813262887372667
va,75,1,0.9999999984149144,0.999999846269284,0.8893574596271214
va,76,1,0.9999728722276051,0.0021971215137623666,0.8577169538811634
va,77,1,0.0008387123634164783,0.16233758960844694,0.0037921722065277262
va,78,1,0.9999999965439428,0.9999999804123682,0.9999356061548007
va,79,1,0.9495761615266638,0.6712722946824702,0.9742045023746987
va,80,0,0.9999999999783955,0.9965402080130344,0.9580277871895719
va,81,1,0.9999999999825504,0.9999987439368941,0.9999860631833635
va,82,1,1.204280381129893e-06,0.9829632878851551,0.8518312577658015
va,83,1,0.9999998910397877,0.9998438331219149,0.8785424149888265
va,84,1,0.9999999867637932,0.9999999908021783,0.9999935856687195
va,85,1,0.9999999352722482,0.9999884111119486,0.99103319827959
va,86,1,0.9999999994220834,0.9999056078246312,0.9956750277402916
va,87,0,1.2617440904689187e-05,0.002518375675490833,0.38348958374595404
va,88,1,0.9999999999999065,0.999999339079249,0.9994644785187186
va,89,1,3.409799312295674e-09,0.0048452266371313306,0.4224395994299484
va,90,1,0.999999999977607,0.9999999999999065,0.9992582691737248
va,91,0,0.9999809156754313,0.999998394268397,0.8100237267972549
va,92,1,0.9999999999990599,0.9999999997344469,0.9996918309494243
va,93,1,4.557419787989686e-07,0.1472464033861355,0.6261232304744572
va,94,0,0.015234553341924558,0.6575007774964683,0.2682263312400079
va,95,1,0.999999999999845,0.9999973500547531,0.9992376903606888
va,96,0,8.450905199638268e-05,0.000560237505292044,0.0592641558075236
va,97,1,0.10933806968333293,4.867139037866715e-05,0.010604474397474233
va,98,1,0.9999999226884926,0.9999990505469427,0.4115660646642769
va,99,0,0.6206487521168051,0.9999861614196365,0.464038419180358
va,100,1,0.6894852536234505,0.20443171687615683,0.04061900763636463
va,101,1,0.9999999732359457,0.9910452600824216,0.9771510903437224
va,102,1,0.9999981428416691,0.9999992821039256,0.7658853743883219
va,103,1,0.999999852008073,0.9999925895206252,0.706301566784149
va,104,0,0.9977488568706658,0.04305282478285722,0.31058115925201046
va,105,1,0.9999990734170116,0.9999554387827693,0.9999238992247915
va,106,1,0.4027272353167075,0.9997676386176639,0.9312170015116387
va,107,1,0.9999662037031882,0.9995395216213591,0.9778711238457289
va,108,0,0.6592844095961773,0.21032483179333766,0.2095642086369003
va,109,0,2.7052232766153e-07,0.0005175636567208406,0.010942891237494583
va,110,1,0.9992807499426603,0.09157034844402999,0.11846415190268929
va,111,0,0.002853325187951615,0.00045580367295992017,0.05106614101945834
va,112,1,3.6614179352244116e-09,7.229323496620026e-07,0.011113399483432021
va,113,1,0.016888057591648048,0.988849069615736,0.7823482961931412
va,114,1,0.083372817212454,0.15123663054300698,0.9422488600297463
va,115,1,0.0895550802040495,0.07388305008042434,0.6795709042595816
va,116,1,0.9830963844242155,0.999999332902292,0.9318912901922455
va,117,1,0.9977291787883684,0.9993910620338456,0.9343274710786768
va,118,1,0.9999999999997378,0.9998896924846276,0.999859443787203
va,119,1,0.9999710395339341,0.9999780873763936,0.8790963810717358
va,120,1,0.00297721128480943,0.22325452220204922,0.3994559478701722
va,121,1,0.999999999998016,0.9999999725153851,0.9999440368169613
va,122,1,0.9999999999999065,0.9999999999999065,0.8886806663347279
va,123,0,0.5831098654016602,0.034644772653549274,0.9015316529456858
va,124,1,0.9978067830006919,0.9999414503522518,0.6224632840965908
va,125,1,0.9999824411148823,0.1412347631868904,0.9914152871396417
va,126,1,0.0010162623652709762,0.1453500050669025,0.8577588649072287
va,127,1,0.9999999990887314,0.9999999992682382,0.9996012495158613
va,128,0,0.9987165547104736,0.1476934694877639,0.5373282612780041
va,129,0,0.0002849066042825799,0.21788810115623694,0.9448998719607089
va,130,1,9.357622968839299e-14,1.2096702261141585e-06,0.031877735251981947
va,131,1,0.008990274409198723,0.013931744309859748,0.006695547950574066
va,132,1,0.9332510124546184,0.9667323291611105,0.7297568932278707
va,133,0,0.9998448268132284,0.2300691614040606,0.03040731729104902
va,134,1,0.9999999816381523,0.9999999988287351,0.9992143144338758
va,135,0,0.4100678049714195,0.0010873006871304916,0.4817109709667298
va,136,1,2.9528530959320116e-05,0.10110755908726653,0.582240494743813
va,137,1,0.9996821919008767,0.4469334251335459,0.05917353579253955
va,138,0,2.227332576177535e-06,0.5476361875612071,0.028758469875927676
va,139,1,0.9999453247309505,0.999999019349227,0.9694282163535267
va,140,0,0.9999999999999065,0.30283870003654073,0.9819255470816668
va,141,1,1.4611546139056214e-07,0.0033979527922901546,0.48457610913538823
va,142,1,0.8835484573341147,0.9959292522695972,0.5501904748624363
va,143,1,0.9999999999997213,0.9999983296299836,0.9999910987856181
va,144,0,0.0033347685666099526,0.8076707467881898,0.24839341013884703
va,145,0,0.47133553896183866,0.9973870424222978,0.15245242791378033
va,146,0,0.9999875781932368,0.999695237447926,0.9995911389400461
va,147,1,0.002647770162995442,0.493150427850774,0.5900508467578168
va,148,1,0.9997830605353142,0.9999999993426973,0.9916659318191278
va,149,1,0.005227365147496493,0.008358590755825752,0.17053291165887374
va,150,0,0.9999999511701075,0.9999992683250323,0.971119592181974
va,151,1,0.9661533428897312,0.9670802530926625,0.9526941789572919
va,152,1,0.9999999997120466,0.9975105786526525,0.9762765575172394
va,153,1,0.9999999999667486,0.9999999999484466,0.9998126990556989
va,154,1,0.9999999945448041,0.9999994855182279,0.9988806114055595
va,155,1,0.9939853267742594,0.9999578322782937,0.9976235035188531
va,156,1,0.9999998705055911,0.9999724617133204,0.9930255260802985
va,157,1,0.9999999320270887,0.9999997116976197,0.9945859924239655
va,158,1,0.9960366934671188,0.9201197018064282,0.9958287819661308
va,159,1,0.05742028359673804,0.9750364576519781,0.83188920843011
va,160,1,0.9999966064242065,0.8760753813439577,0.9999418862690016
va,161,1,0.004984861393773884,0.02075559340196815,0.165143898379218
va,162,1,0.999999987150132,0.9994987624258965,0.999985728839046
va,163,1,0.2113028768847356,0.9074422818435733,0.9879452569829533
va,164,1,0.10942607480749982,0.9999637878810488,0.07038222079138359
va,165,1,0.9999929066279564,0.04449275934051289,0.928049030609062
va,166,1,0.9999999983818817,0.999905409893576,0.9938660578674926
va,167,0,0.99999984904895,0.9982346942864017,0.7334422907471326
va,168,1,0.40213541985159773,0.6986279784187936,0.8342675082824614
va,169,1,0.9839464678872166,0.9808494737959959,0.6037031905476682
va,170,1,0.9999814038458403,0.9954910832742883,0.998872235070704
va,171,0,0.5147475437217937,0.001207996479963742,0.11847993224734352
va,172,1,0.9999999999868026,0.9999774820821242,0.9970020321025965
va,173,1,0.9144159790702652,0.9983862603432371,0.8013391847155593
va,174,0,0.9998377348677806,0.9999984929968642,0.054037818475662774
va,175,0,7.420404475515434e-10,0.8935920209049685,0.7349425327001312
va,176,1,0.9999968656892242,0.7691088198413877,0.9058286043455278
va,177,1,0.9996911706326294,0.9998235683726029,0.17382531080400299
va,178,1,0.9999979438790113,0.9998211513582312,0.9991864312836106
va,179,1,0.9999968153198869,0.9999996565708151,0.9809602463026892
va,180,1,0.010315625319111206,9.97301601696491e-05,0.6051934582409992
va,181,0,0.022209038478365497,0.9392699805066547,0.3526070739859595
va,182,1,0.9990539765894302,0.9999994925974088,0.9981772271450748
va,183,1,0.9999999990044901,0.9999999999199625,0.8554763354469826
va,184,0,0.9999152812283295,0.9999957444221134,0.953822781612752
va,185,1,2.1715226124348038e-06,0.0009125189259263137,0.22481732555500566
va,186,1,0.00014450321675268192,0.920612780760277,0.9468905713496814
va,187,1,0.9999453247309505,0.999999019349227,0.9694282163535267
va,188,1,0.9999999999999065,0.9999901085792514,0.9901315188276852
va,189,0,0.9999994811617267,0.9702372505446349,0.6958485745949604
va,190,0,0.999355762946701,0.9816628886486997,0.859153163945979
va,191,1,0.9999999999999065,0.9999999911412291,0.9996612612316704
va,192,1,0.9999983916591586,0.9999990772272291,0.9956240313164114
va,193,1,0.9999159925899779,0.9999783914104671,0.9622286076216854
va,194,1,0.956593607064841,0.6002620316307447,0.8865884362045037
va,195,1,0.09933185512190407,0.9833407429065759,0.7877010720417551
va,196,0,0.9996368682355459,0.9999147123706095,0.0706534322904038
va,197,1,0.5222454884813666,0.9999999768894811,0.8352749378837492
va,198,0,0.0002867358130592913,0.6758050610485287,0.06378261998026548
va,199,1,0.9999989587554889,0.00021455940045859596,0.1658548923296375
